{
  "metamask": {
    "isInitialized": true,
    "isUnlocked": true,
    "featureFlags": {"betaUI": true},
    "rpcTarget": "https://rawtestrpc.metamask.io/",
    "identities": {
      "0xfdea65c8e26263f6d9a1b5de9555d2931a33b825": {
        "address": "0xfdea65c8e26263f6d9a1b5de9555d2931a33b825",
        "name": "Send Account 1"
      },
      "0xc5b8dbac4c1d3f152cdeb400e2313f309c410acb": {
        "address": "0xc5b8dbac4c1d3f152cdeb400e2313f309c410acb",
        "name": "Send Account 2"
      },
      "0x2f8d4a878cfa04a6e60d46362f5644deab66572d": {
        "address": "0x2f8d4a878cfa04a6e60d46362f5644deab66572d",
        "name": "Send Account 3"
      },
      "0xd85a4b6a394794842887b8284293d69163007bbb": {
        "address": "0xd85a4b6a394794842887b8284293d69163007bbb",
        "name": "Send Account 4"
      }
    },
    "unapprovedTxs": {},
    "currentCurrency": "USD",
    "conversionRate": 1200.88200327,
    "conversionDate": 1489013762,
    "noActiveNotices": true,
    "frequentRpcList": [],
    "network": "3",
    "accounts": {
      "0xfdea65c8e26263f6d9a1b5de9555d2931a33b825": {
        "code": "0x",
        "balance": "0x47c9d71831c76efe",
        "nonce": "0x1b",
        "address": "0xfdea65c8e26263f6d9a1b5de9555d2931a33b825"
      },
      "0xc5b8dbac4c1d3f152cdeb400e2313f309c410acb": {
        "code": "0x",
        "balance": "0x37452b1315889f80",
        "nonce": "0xa",
        "address": "0xc5b8dbac4c1d3f152cdeb400e2313f309c410acb"
      },
      "0x2f8d4a878cfa04a6e60d46362f5644deab66572d": {
        "code": "0x",
        "balance": "0x30c9d71831c76efe",
        "nonce": "0x1c",
        "address": "0x2f8d4a878cfa04a6e60d46362f5644deab66572d"
      },
      "0xd85a4b6a394794842887b8284293d69163007bbb": {
        "code": "0x",
        "balance": "0x0",
        "nonce": "0x0",
        "address": "0xd85a4b6a394794842887b8284293d69163007bbb"
      }
    },
    "addressBook": [
      {
        "address": "0x06195827297c7a80a443b6894d3bdb8824b43896",
        "name": "Address Book Account 1"
      }
    ],
    "tokens": [],
    "transactions": {},
    "selectedAddressTxList": [],
    "unapprovedTxs": {
      "4768706228115573": {
        "id": 4768706228115573,
        "time": 1487363153561,
        "status": "unapproved",
        "gasMultiplier": 1,
        "metamaskNetworkId": "3",
        "txParams": {
          "from": "0xc5b8dbac4c1d3f152cdeb400e2313f309c410acb",
          "to": "0x2f8d4a878cfa04a6e60d46362f5644deab66572d",
          "value": "0x1bc16d674ec80000",
          "metamaskId": 4768706228115573,
          "metamaskNetworkId": "3",
          "gas": "0xea60",
          "gasPrice": "0xba43b7400"
        }
      }
    },
    "unapprovedMsgs": {},
    "unapprovedMsgCount": 0,
    "unapprovedPersonalMsgs": {},
    "unapprovedPersonalMsgCount": 0,
    "keyringTypes": [
      "Simple Key Pair",
      "HD Key Tree"
    ],
    "keyrings": [
      {
        "type": "HD Key Tree",
        "accounts": [
          "fdea65c8e26263f6d9a1b5de9555d2931a33b825",
          "c5b8dbac4c1d3f152cdeb400e2313f309c410acb",
          "2f8d4a878cfa04a6e60d46362f5644deab66572d"
        ]
      },
      {
        "type": "Simple Key Pair",
        "accounts": [
          "0xd85a4b6a394794842887b8284293d69163007bbb"
        ]
      }
    ],
    "selectedAddress": "0xd85a4b6a394794842887b8284293d69163007bbb",
    "currentCurrency": "USD",
    "provider": {
      "type": "testnet"
    },
    "shapeShiftTxList": [],
    "lostAccounts": [],
    "send": {
      "gasLimit": "0xea60",
      "gasPrice": "0xba43b7400",
      "gasTotal": "0xaa87bee538000",
      "tokenBalance": null,
      "from": {
        "address": "0xc5b8dbac4c1d3f152cdeb400e2313f309c410acb",
        "balance": "0x37452b1315889f80"
      },
      "to": "0x2f8d4a878cfa04a6e60d46362f5644deab66572d",
      "amount": "0x1bc16d674ec80000",
      "memo": "",
      "errors": {},
      "maxModeOn": false,
      "editingTransactionId": null
    },
    "currentLocale": "en"
  },
  "appState": {
    "menuOpen": false,
    "currentView": {
      "name": "confTx",
      "detailView": null,
      "context": 0
    },
    "accountDetail": {
      "subview": "transactions"
    },
    "modal": {
      "modalState": {},
      "previousModalState": {}
    },
    "transForward": true,
    "isLoading": false,
    "warning": null,
    "scrollToBottom": false,
    "forgottenPassword": null
  },
  "identities": {}
}
